stare,culoare,denumire,longitudine,latitudine,tip,status,remediere
Functionare normala,#008217,S.C.CETA S.A.(VALROM),25.978547,44.426657,-,functionale,
Functionare normala,#008217,S.C. PROSILG SRL,25.978547,44.426657,-,functionale,
Functionare normala,#008217,ITALO-CONVEST,25.980809,44.427027,-,functionale,
Functionare normala,#008217,UNITRANS SA,25.983943,44.430456,-,functionale,
Functionare normala,#008217,Loc ICPB,25.989281709262,44.432153384246,-,functionale,
Functionare normala,#008217,"Liceul Tehnologic ""Petru Poni""",25.989996,44.432626,-,functionale,
Functionare normala,#008217,C.I.T.A.M.,25.990891,44.431591,-,functionale,
Functionare normala,#008217,SERE ADP sect. 6,25.991825,44.421806,-,functionale,
Lipsa parametri pentru livrare apă caldă de consum,#ffe53e,15 Păcii,25.997762590785,44.433155153597,Deficienta ACC,deficiente,03.09.2023 20:00
Functionare normala,#008217,S.C. BRAVO GROUP,25.999315,44.426119,-,functionale,
Functionare normala,#008217,Ansamblul TEN BLOCKS,25.999565,44.432575,-,functionale,
Functionare normala,#008217,Tiger Amira SRL (MADERA GRUP),25.999648,44.426682,-,functionale,
Functionare normala,#008217,SC AUTOCENTER SA,26.000205,44.432907,-,functionale,
Functionare normala,#008217,DACIA SERVICE SA,26.000323,44.431919,-,functionale,
Lipsa parametri pentru livrare apă caldă de consum,#ffe53e,2 Roșu,26.003813932712,44.439517085409,Deficienta ACC,deficiente,03.09.2023 20:00
Functionare normala,#008217,RATB-ETA - Autobaza Militari,26.003878,44.433033,-,functionale,
Functionare normala,#008217,PT ALCAZ,26.004468982079,44.42945406203,-,functionale,
Functionare normala,#008217,14 Păcii,26.005008634444,44.433220051511,-,functionale,
Lipsa parametri pentru livrare apă caldă de consum,#ffe53e,1 Roșu,26.00627,44.43783,Deficienta ACC,deficiente,03.09.2023 20:00
Functionare normala,#008217,10 Liniei,26.009597261515,44.429674878808,-,functionale,
Lipsa parametri pentru livrare apă caldă de consum,#ffe53e,1 Îndesirii,26.009650745456,44.435356266626,Deficienta ACC,deficiente,03.09.2023 20:00
Lipsa parametri pentru livrare apă caldă de consum,#ffe53e,MILITARI - 1 Placare,26.00987,44.43312,Deficienta ACC,deficiente,03.09.2023 20:00
Functionare normala,#008217,Depoul STB Bujoreni,26.011662,44.426732,-,functionale,
Lipsa parametri pentru livrare apă caldă de consum,#ffe53e,12 Maratonului,26.012156178621,44.438169262693,Deficienta ACC,deficiente,03.09.2023 20:00
Functionare normala,#008217,"Gradinita 195 - ""Prichindel""",26.012347,44.432914,-,functionale,
Functionare normala,#008217,Dacia Ocazie (Automecanica),26.012588,44.429805,-,functionale,
Functionare normala,#008217,SC 14,26.0138075,44.4408224,-,functionale,
Functionare normala,#008217,Cămin RADET - ApaNova,26.014,44.44316,-,functionale,
Functionare normala,#008217,Școala Gimnazială Regina Maria nr. 198,26.01422,44.43696,-,functionale,
Functionare normala,#008217,7/5,26.014243749484,44.419212431594,-,functionale,
Functionare normala,#008217,MILITARI - 9 Placare,26.014246680552,44.43117824529,-,functionale,
Functionare normala,#008217,Bloc 50,26.0147,44.43739,-,functionale,
Functionare normala,#008217,11/4,26.014963508887,44.422037605437,-,functionale,
Lipsa parametri pentru livrare apă caldă de consum,#ffe53e,11 Liniei,26.014993733884,44.430284354822,Deficienta ACC,deficiente,03.09.2023 20:00
Functionare normala,#008217,MILITARI - 2 Placare,26.015007712397,44.433288752736,-,functionale,
PMB - Obiectiv de investitii - reabilitarea sistemului de Termoficare al Municipiului Bucuresti - COD SMIS 2014 + 138142,#e0002b,2 Îndesirii,26.015090540469,44.43496057023,Oprire ACC,avarii,08.09.2023 23:30
PMB - Obiectiv de investitii - reabilitarea sistemului de Termoficare al Municipiului Bucuresti - COD SMIS 2014 + 138142,#e0002b,SC 8/9,26.0160857,44.4353905,Oprire ACC,avarii,08.09.2023 23:30
Lipsa parametri pentru livrare apă caldă de consum,#ffe53e,15 Apusului,26.01624,44.44021,Deficienta ACC,deficiente,03.09.2023 20:00
Functionare normala,#008217,12/4,26.016326119452,44.425079838226,-,functionale,
Lipsa parametri pentru livrare apă caldă de consum,#ffe53e,11 Mărgelelor,26.017131544625,44.441397023426,Deficienta ACC,deficiente,03.09.2023 20:00
Functionare normala,#008217,4/6,26.01756,44.414451599121,-,functionale,
Functionare normala,#008217,8/5,26.018216034686,44.420517078305,-,functionale,
Functionare normala,#008217,SC 11,26.0183566,44.4389186,-,functionale,
Functionare normala,#008217,5/5,26.018762433606,44.417144963714,-,functionale,
Functionare normala,#008217,10 Aragonitului,26.018854271853,44.440230831727,-,functionale,
Functionare normala,#008217,13/4,26.019151129798,44.424621801435,-,functionale,
Functionare normala,#008217,10/4,26.019228454795,44.422454302808,-,functionale,
Functionare normala,#008217,SC 6/7,26.0192828,44.435827,-,functionale,
Functionare normala,#008217,3/6,26.0202,44.413673400879,-,functionale,
Functionare normala,#008217,8 Ghirlandei,26.02096827993,44.438951839426,-,functionale,
Functionare normala,#008217,MILITARI - 3 Placare,26.021009052018,44.433169783021,-,functionale,
Functionare normala,#008217,MILITARI - 3A Placare,26.021196806637,44.433265546856,-,functionale,
Functionare normala,#008217,12 Liniei,26.021219441191,44.430771176455,-,functionale,
Functionare normala,#008217,Secția de Poliție nr. 21,26.02168,44.43664,-,functionale,
Functionare normala,#008217,2/6,26.02181,44.414833068848,-,functionale,
Functionare normala,#008217,2/7,26.02238357016,44.418199484006,-,functionale,
Functionare normala,#008217,7 Lavandei,26.022741731414,44.440072467637,-,functionale,
Functionare normala,#008217,SC 4/5,26.0229967,44.4360567,-,functionale,
Functionare normala,#008217,1/7,26.023064755533,44.42126754175,-,functionale,
Functionare normala,#008217,UM 0276 (0333),26.023301,44.433415,-,functionale,
Functionare normala,#008217,NEFAMILISTI,26.023468217542,44.42721177917,-,functionale,
Functionare normala,#008217,5 Desișului,26.023706494037,44.43489925829,-,functionale,
Functionare normala,#008217,9/4,26.023833634794,44.42592757058,-,functionale,
Functionare normala,#008217,MILITARI - 8 Placare,26.024172872103,44.43172205503,-,functionale,
Functionare normala,#008217,SERE ADP sect. 5,26.025608,44.40818,-,functionale,
Functionare normala,#008217,4 Roșia Montană,26.02566,44.43741,-,functionale,
Functionare normala,#008217,6 Roșia Montană,26.025660298302,44.438843977732,-,functionale,
Functionare normala,#008217,ALPAB BIROURI Ghencea,26.026053,44.408655,-,functionale,
Functionare normala,#008217,SERE ALPAB Ghencea,26.026053,44.408655,-,functionale,
Functionare normala,#008217,UM 0456 (JAND.),26.026342,44.429629,-,functionale,
Functionare normala,#008217,UM 0230 (SAD),26.026342,44.429629,-,functionale,
Functionare normala,#008217,3/7,26.02692112,44.4188427,-,functionale,
Functionare normala,#008217,4/7,26.027007401616,44.42169835223,-,functionale,
Functionare normala,#008217,SC 1/3,26.027352755069,44.426407215699,-,functionale,
Functionare normala,#008217,SC 2/3,26.027459069307,44.424825710129,-,functionale,
Functionare normala,#008217,MILITARI - 4 Placare,26.027489847615,44.432847663079,-,functionale,
Functionare normala,#008217,1/7',26.0277227,44.41661256,-,functionale,
Functionare normala,#008217,3 Dreptății,26.02776,44.4371,-,functionale,
Functionare normala,#008217,3/7',26.027856,44.413681030273,-,functionale,
Functionare normala,#008217,MILITARI - 7 Placare,26.028715673841,44.431643490056,-,functionale,
Functionare normala,#008217,Grădinița nr. 250,26.02987,44.43813,-,functionale,
Functionare normala,#008217,2 Veteranilor,26.030493178573,44.436340959676,-,functionale,
Functionare normala,#008217,3 Virtuții,26.030516679265,44.436352149169,-,functionale,
Functionare normala,#008217,SC 4/3,26.031043593722,44.42381426852,-,functionale,
Functionare normala,#008217,2/7',26.03119,44.416145324707,-,functionale,
Functionare normala,#008217,SC 3/3,26.031213842144,44.425688835247,-,functionale,
Functionare normala,#008217,4 Virtuții,26.031357548666,44.441178047714,-,functionale,
Functionare normala,#008217,2 Virtuții,26.031849327137,44.439116515733,-,functionale,
Functionare normala,#008217,4/7',26.03202,44.417213439941,-,functionale,
Functionare normala,#008217,Ct Desisului,26.032051086426,44.444515228271,-,functionale,
Functionare normala,#008217,13 Liniei,26.03209,44.43204,-,functionale,
Functionare normala,#008217,MILITARI - 5A Placare,26.03239,44.43271,-,functionale,
Functionare normala,#008217,MILITARI - 5 Placare,26.032447066554,44.43271428651,-,functionale,
Functionare normala,#008217,1 Veteranilor,26.03262811854,44.43627373843,-,functionale,
Functionare normala,#008217,1 Virtuții,26.033021468157,44.437685374078,-,functionale,
Functionare normala,#008217,8 Virtuții,26.033371920951,44.443182283719,-,functionale,
Functionare normala,#008217,Anchor Group,26.035828,44.428041,-,functionale,
Functionare normala,#008217,6/2,26.035865038927,44.426903832708,-,functionale,
Functionare normala,#008217,3 Uverturii,26.0360035,44.4347554,-,functionale,
Functionare normala,#008217,5 Virtuții,26.03602,44.43934,-,functionale,
Functionare normala,#008217,SC 6/2,26.036109,44.42692565918,-,functionale,
Functionare normala,#008217,"Grădinița nr. 197, Școala nr. 117, Grădinița nr. 46",26.036955,44.437649,-,functionale,
Functionare normala,#008217,6/8,26.036987910245,44.418546818548,-,functionale,
Functionare normala,#008217,TELEKOM (SC Romtelecom SA),26.037826,44.421919,-,functionale,
Lucrări executate ce aparțin asociației Ansamblu Locuințe Quadra2,#e0002b,Depou Metrou Ciurel,26.03786,44.440743,Oprire ACC,avarii,04.09.2023 15:00
Functionare normala,#008217,7 Virtuții,26.03789,44.44159,-,functionale,
Functionare normala,#008217,2 Bucurestii Noi,26.037961082459,44.485253685485,-,functionale,
Functionare normala,#008217,1 Bucurestii Noi,26.038117,44.487646,-,functionale,
Functionare normala,#008217,1/8,26.038736567864,44.422069819518,-,functionale,
Lucrări executate ce aparțin asociației Ansamblu Locuințe Quadra2,#e0002b,Sere POLITEHNICA,26.038781,44.440132,Oprire ACC,avarii,04.09.2023 15:00
Functionare normala,#008217,2 Uverturii,26.039216416695,44.435078654427,-,functionale,
Functionare normala,#008217,3/2,26.039559592789,44.42399611775,-,functionale,
Functionare normala,#008217,1 Uverturii,26.039619252277,44.437333766834,-,functionale,
Functionare normala,#008217,Ansamblul QUADRA PLACE I,26.039708,44.439567,-,functionale,
Functionare normala,#008217,4/8,26.040015429137,44.419196639476,-,functionale,
Functionare normala,#008217,2 Crivina,26.040573269281,44.453487612242,-,functionale,
Functionare normala,#008217,10 Bucurestii Noi,26.040687,44.485008,-,functionale,
Functionare normala,#008217,PT Loc. ICAB,26.0410397,44.4343974,-,functionale,
Functionare normala,#008217,G3 Giulești,26.041248,44.46146,-,functionale,
Functionare normala,#008217,ARTIM SOCOM,26.04128,44.46387,-,functionale,
Functionare normala,#008217,J Giulești,26.0416601,44.458141499999996,-,functionale,
Functionare normala,#008217,SC 7/2,26.041791,44.427387237549,-,functionale,
Functionare normala,#008217,7/2,26.041792,44.427387,-,functionale,
Functionare normala,#008217,6 Bucurestii Noi,26.042154,44.482855,-,functionale,
Functionare normala,#008217,2/2,26.042418514384,44.424630315239,-,functionale,
Functionare normala,#008217,"Liceul Teoretic ""Tudor Vladimirescu""",26.04255,44.43374,-,functionale,
Functionare normala,#008217,2 Politehnicii,26.042932802699,44.435890415618,-,functionale,
Functionare normala,#008217,"Grădinița nr. 41, Școala Gimanziala nr. 59",26.043084,44.41744,-,functionale,
Functionare normala,#008217,Grup Gospodăresc (Gradinița),26.043186,44.438281,-,functionale,
Functionare normala,#008217,B Giulești,26.0433243,44.4619876,-,functionale,
Functionare normala,#008217,UM 0411-BCRMTEA,26.043407,44.429837,-,functionale,
Functionare normala,#008217,17-19 Bucurestii Noi,26.043492,44.478933,-,functionale,
Functionare normala,#008217,2/10,26.043530378481,44.418239286309,-,functionale,
Lucrări executate ce aparțin asociației Ansamblu Locuințe Quadra2,#e0002b,Ansamblul QUADRA PLACE II,26.043583,44.439015,Oprire ACC,avarii,04.09.2023 15:00
Functionare normala,#008217,1 Crivina,26.043615393435,44.454824144279,-,functionale,
Functionare normala,#008217,LONG BRIDGE SUNLIGHTS,26.044197,44.439376,-,functionale,
Functionare normala,#008217,2/8,26.04442817093,44.422636178552,-,functionale,
Functionare normala,#008217,3/10,26.044735876456,44.416947282838,-,functionale,
Functionare normala,#008217,3 Crivina,26.044981731707,44.455289994279,-,functionale,
Functionare normala,#008217,1 Giulești,26.0450326,44.4603136,-,functionale,
Functionare normala,#008217,Școala Gimnazială Nr. 163,26.04565,44.46198,-,functionale,
Functionare normala,#008217,MILITARI -  6 Placare,26.045785086266,44.432277319311,-,functionale,
Functionare normala,#008217,CET LABORATOR,26.046109,44.438385,-,functionale,
Functionare normala,#008217,Hrisovului,26.046482325849,44.480678459507,-,functionale,
Functionare normala,#008217,5/8,26.046556354265,44.421144249979,-,functionale,
Functionare normala,#008217,3/8,26.046797945084,44.420101028481,-,functionale,
Functionare normala,#008217,4 Crivina,26.047247181757,44.454426324917,-,functionale,
Functionare normala,#008217,UM 0780 (0350)-RAMI,26.047251,44.430341,-,functionale,
Functionare normala,#008217,Hala TTI,26.047439,44.437358,-,functionale,
Functionare normala,#008217,1/10,26.04747,44.419097900391,-,functionale,
Functionare normala,#008217,Facultatea Electrotehnica,26.047777,44.436187,-,functionale,
Functionare normala,#008217,Inst. Prospectiuni Geologic al Romaniei (Preluat de ANAF),26.047781,44.467169,-,functionale,
Functionare normala,#008217,8 Crivina,26.048227757177,44.457527102382,-,functionale,
Functionare normala,#008217,Facultatea de Hidroenergetică,26.048603,44.438171,-,functionale,
Functionare normala,#008217,4/10,26.048799604653,44.416464507807,-,functionale,
Functionare normala,#008217,"S.G.A. Ilfov-Bucureşti, Administratia Nationala Apele Romane)",26.049077,44.446459,-,functionale,
Functionare normala,#008217,O Chibrit,26.049132,44.471725,-,functionale,
Functionare normala,#008217,N Chibrit,26.049255,44.471235,-,functionale,
Functionare normala,#008217,S.C. AMA (ELMEF PROD),26.049469,44.433996,-,functionale,
Functionare normala,#008217,MINISTERUL ECONOMIEI (CPPIB),26.049566,44.428641999999996,-,functionale,
Functionare normala,#008217,Hala TCM,26.049607,44.4409,-,functionale,
Functionare normala,#008217,Facultatea de Mecanică,26.049607,44.4409,-,functionale,
Functionare normala,#008217,Liceul Mircea Eliade,26.04977,44.443393,-,functionale,
Functionare normala,#008217,PLAVAT,26.049877,44.44942855835,-,functionale,
Functionare normala,#008217,MAN,26.049942323151,44.423341128595,-,functionale,
Functionare normala,#008217,MODUL TERMIC A3,26.050096,44.4788,-,functionale,
Functionare normala,#008217,MODUL TERMIC A5,26.050382,44.481968,-,functionale,
Functionare normala,#008217,D Chibrit,26.050519,44.472168,-,functionale,
Functionare normala,#008217,Colegiul Tehnic Petru Maior,26.050588,44.428785,-,functionale,
Functionare normala,#008217,ISCH,26.050588,44.446949005127,-,functionale,
Functionare normala,#008217,MODUL TERMIC Vila 10,26.050592,44.481323,-,functionale,
Functionare normala,#008217,MODUL TERMIC F4,26.0506,44.483205,-,functionale,
Functionare normala,#008217,Direcția de impozite și taxe locale Sector 6,26.050609,44.425635,-,functionale,
Functionare normala,#008217,UM 02296,26.050671,44.433835,-,functionale,
Functionare normala,#008217,MODUL TERMIC H4,26.050703,44.480488,-,functionale,
Functionare normala,#008217,MODUL TERMIC A2,26.050724,44.478953,-,functionale,
Functionare normala,#008217,MODUL TERMIC Vila 11,26.050839,44.482092,-,functionale,
Functionare normala,#008217,MODUL TERMIC A12,26.050934,44.479724,-,functionale,
Functionare normala,#008217,7 Giulești,26.051079,44.4589043,-,functionale,
Remediere avarie rețea secundară pe circuitul de apă caldă de consum,#e0002b,MODUL TERMIC A1,26.051083,44.479201,Oprire ACC,avarii,04.09.2023 15:30
Functionare normala,#008217,MODUL TERMIC Vila 3,26.051088,44.480034,-,functionale,
Functionare normala,#008217,MODUL TERMIC B3,26.051114,44.481556,-,functionale,
Functionare normala,#008217,1/1,26.051141,44.42696762085,-,functionale,
Functionare normala,#008217,MODUL TERMIC Vila 4,26.0512,44.480327,-,functionale,
Functionare normala,#008217,10 Giulești,26.0512152,44.4579871,-,functionale,
Functionare normala,#008217,MODUL TERMIC Vila 12A,26.051267,44.482104,-,functionale,
Functionare normala,#008217,Campus Studenți Noul Local UPB,26.051395,44.438233,-,functionale,
Functionare normala,#008217,MODUL TERMIC Vila 8,26.051469,44.480969,-,functionale,
Functionare normala,#008217,MODUL TERMIC Vila 2,26.051531,44.479996,-,functionale,
Functionare normala,#008217,MODUL TERMIC Vila 12B,26.051637,44.482273,-,functionale,
Functionare normala,#008217,MODUL TERMIC G5,26.051637,44.482575,-,functionale,
Functionare normala,#008217,MODUL TERMIC A13,26.051656,44.479559,-,functionale,
Functionare normala,#008217,MODUL TERMIC C3,26.051687,44.481706,-,functionale,
Functionare normala,#008217,MODUL TERMIC Vila 5,26.051813,44.480845,-,functionale,
Functionare normala,#008217,MODUL TERMIC Vila 13,26.051954,44.482211,-,functionale,
Functionare normala,#008217,MODUL TERMIC B9,26.052044,44.480313,-,functionale,
Functionare normala,#008217,5 Crivina,26.052173115492,44.454914193139,-,functionale,
Functionare normala,#008217,MODUL TERMIC Vila 7B,26.052261,44.480597,-,functionale,
Functionare normala,#008217,MODUL TERMIC D3,26.052261,44.481652,-,functionale,
Functionare normala,#008217,MODUL TERMIC Vila 9,26.052355,44.480983,-,functionale,
Functionare normala,#008217,Facultatea de Metalurgie,26.052568,44.439355,-,functionale,
Functionare normala,#008217,MODUL Vila 7A,26.052725,44.481123,-,functionale,
Functionare normala,#008217,2 Prefabricate,26.05276,44.468654,-,functionale,
Functionare normala,#008217,MODUL TERMIC E3,26.052806,44.482351,-,functionale,
Functionare normala,#008217,MODUL TERMIC P11,26.052839,44.483532,-,functionale,
Functionare normala,#008217,MODUL TERMIC Vila 6,26.052959,44.480753,-,functionale,
Functionare normala,#008217,MODUL TERMIC B13,26.052983,44.480287,-,functionale,
Functionare normala,#008217,9 Crivina,26.053113541276,44.453035042298,-,functionale,
Functionare normala,#008217,MODUL TERMIC F3,26.053348,44.482443,-,functionale,
Functionare normala,#008217,UM 02574 (MApN),26.053464,44.422569,-,functionale,
Functionare normala,#008217,MODUL TERMIC C9,26.053522,44.481231,-,functionale,
Functionare normala,#008217,MODUL TERMIC 4 Prefabricate Scara E,26.053666,44.467554,-,functionale,
Functionare normala,#008217,MODUL TERMIC 4 Prefabricate Scara B,26.053666,44.467554,-,functionale,
Functionare normala,#008217,STUDENTI 2,26.053908,44.445212,-,functionale,
Functionare normala,#008217,MODUL TERMIC G3,26.053947,44.482585,-,functionale,
Functionare normala,#008217,13-1 Mai,26.054154,44.470083,-,functionale,
Functionare normala,#008217,MODUL TERMIC 5 Prefabricate,26.054163,44.466495,-,functionale,
Functionare normala,#008217,7 Crivina,26.05431,44.45506,-,functionale,
Functionare normala,#008217,ZAGANESCU,26.0543613,44.446277618408,-,functionale,
Functionare normala,#008217,MODUL TERMIC Vila 17,26.054493,44.481621,-,functionale,
Functionare normala,#008217,MODUL TERMIC H3,26.054498,44.483176,-,functionale,
Functionare normala,#008217,MODUL TERMIC C13,26.054535,44.481083,-,functionale,
Functionare normala,#008217,UM 02630,26.054687,44.431677,-,functionale,
Functionare normala,#008217,Prunaru,26.054722226752,44.457741539554,-,functionale,
Functionare normala,#008217,MODUL TERMIC Vila 18-19,26.054779,44.482511,-,functionale,
Functionare normala,#008217,MODUL TERMIC 6 Prefabricate Scara B,26.05491,44.465934,-,functionale,
Functionare normala,#008217,"CSA Steaua - Sala Sport ""Mihai Viteazu"" UM 01026 (2301)",26.055028,44.42951,-,functionale,
Functionare normala,#008217,MODUL TERMIC I3,26.055072,44.483268,-,functionale,
Functionare normala,#008217,MODUL TERMIC 6 Prefabricate Scara E,26.055304,44.465421,-,functionale,
Functionare normala,#008217,MODUL TERMIC D9,26.055313,44.481863,-,functionale,
Functionare normala,#008217,MODUL TERMIC 7 Prefabricate,26.055421,44.464848,-,functionale,
Functionare normala,#008217,2’-1 Mai,26.055587,44.470393,-,functionale,
Functionare normala,#008217,6 ACM,26.055611,44.464569,-,functionale,
Functionare normala,#008217,MODUL TERMIC J3,26.055639,44.483305,-,functionale,
Functionare normala,#008217,2 Alexandria,26.055751309863,44.403177937942,-,functionale,
Functionare normala,#008217,MODUL TERMIC Vila 7 Bis,26.055769,44.465004,-,functionale,
Functionare normala,#008217,Stadion Giulești,26.05584,44.45679,-,functionale,
Functionare normala,#008217,STUDENTI 1,26.055902,44.445331,-,functionale,
Functionare normala,#008217,MFA,26.0560035,44.427234649658,-,functionale,
Functionare normala,#008217,MODUL TERMIC K3,26.056185,44.484033,-,functionale,
Functionare normala,#008217,Modul Termic D13,26.056263,44.481894,-,functionale,
Functionare normala,#008217,MODUL TERMIC Vila 23,26.056296,44.483191,-,functionale,
Functionare normala,#008217,Complex Studentesc LEU - Cămine + Fac.Electrotehnică,26.056545,44.432552,-,functionale,
Functionare normala,#008217,Creşa Popişteanu,26.056609,44.472211,-,functionale,
Functionare normala,#008217,UM1026(Regimentul de Gardă),26.056726,44.430458,-,functionale,
Functionare normala,#008217,MODUL TERMIC L3,26.056734,44.484088,-,functionale,
Functionare normala,#008217,I Grivita,26.056843,44.463128,-,functionale,
Functionare normala,#008217,MODUL TERMIC Vila 24,26.05686,44.483272,-,functionale,
Functionare normala,#008217,MODUL TERMIC E9,26.056884,44.482508,-,functionale,
Functionare normala,#008217,MODUL TERMIC Vila 30,26.056959,44.482881,-,functionale,
Functionare normala,#008217,MODUL TERMIC Vila 22,26.057045,44.482016,-,functionale,
Functionare normala,#008217,MODUL TERMIC Vila 29,26.057204,44.483618,-,functionale,
Functionare normala,#008217,MODUL TERMIC Vila 25,26.057274,44.482668,-,functionale,
Functionare normala,#008217,Teiuş,26.057297,44.402295,-,functionale,
Functionare normala,#008217,MODUL TERMIC Vila 26A,26.057319,44.483229,-,functionale,
Functionare normala,#008217,MODUL TERMIC M3,26.057319,44.484118,-,functionale,
Functionare normala,#008217,Locuinţe Steaua,26.057461,44.466989,-,functionale,
Functionare normala,#008217,MODUL TERMIC Vila 26B,26.057633,44.48372,-,functionale,
Functionare normala,#008217,MODUL TERMIC F13 sc.A+B,26.057853,44.483179,-,functionale,
Functionare normala,#008217,MODUL TERMIC Vila 28,26.057957,44.483869,-,functionale,
Functionare normala,#008217,MODUL TERMIC E13,26.057968,44.482404,-,functionale,
Functionare normala,#008217,S.C. Dageco Invest S.R.L.,26.058074,44.474485,-,functionale,
Functionare normala,#008217,MODUL TERMIC F13 sc.C+D,26.058234,44.483393,-,functionale,
Functionare normala,#008217,REGIE 3,26.058345,44.444904,-,functionale,
Functionare normala,#008217,MODUL TERMIC Vila 27,26.058421,44.482892,-,functionale,
Functionare normala,#008217,Popişteanu,26.058443618095,44.46991257674,-,functionale,
Functionare normala,#008217,8 Alexandria,26.058723219777,44.404380559627,-,functionale,
Functionare normala,#008217,Liceul 11 CFR,26.058751,44.453352,-,functionale,
Functionare normala,#008217,J Grivita,26.058763,44.461227,-,functionale,
Functionare normala,#008217,8 Margeanului,26.059230247293,44.405762527794,-,functionale,
Functionare normala,#008217,Razoare,26.059298,44.428005,-,functionale,
Functionare normala,#008217,S.C. Gersim Dinamic Real Estate S.R.L.,26.059706,44.45424,-,functionale,
Functionare normala,#008217,REGIE 4,26.05989,44.445792,-,functionale,
Functionare normala,#008217,Scoala Poligrafica,26.059991,44.485171,-,functionale,
Functionare normala,#008217,1 Drumul Sarii,26.059991180552,44.419352917517,-,functionale,
Functionare normala,#008217,REGIE 2,26.060035,44.445941925049,-,functionale,
Functionare normala,#008217,Palazul Mare,26.060203,44.466562,-,functionale,
Functionare normala,#008217,Intrarea Drumul Taberei,26.061132,44.424038,-,functionale,
Functionare normala,#008217,7 Petre Ispirescu,26.061306,44.416427,-,functionale,
Functionare normala,#008217,4 Drumul Sarii,26.061323116694,44.418494402451,-,functionale,
Functionare normala,#008217,1 Alexandria,26.061514776772,44.405420487109,-,functionale,
Functionare normala,#008217,7 Margeanului,26.061609,44.407819,-,functionale,
Functionare normala,#008217,Garoafei,26.061654,44.403021,-,functionale,
Functionare normala,#008217,Sandu Aldea,26.061741277399,44.468388246699,-,functionale,
Functionare normala,#008217,A Grant,26.061751,44.456843,-,functionale,
Functionare normala,#008217,Nabucului,26.061828,44.42164,-,functionale,
Functionare normala,#008217,6 Margeanului,26.062098,44.408995,-,functionale,
Functionare normala,#008217,10 Margeanului,26.062189931329,44.413420211315,-,functionale,
Functionare normala,#008217,2 Drumul Sarii,26.062222656868,44.42270918352,-,functionale,
Functionare normala,#008217,Agronom Seminţe,26.062234,44.468692,-,functionale,
Functionare normala,#008217,7-1 Mai,26.062423,44.468198,-,functionale,
Functionare normala,#008217,3 Drumul Sării,26.062554241834,44.420991229538,-,functionale,
Functionare normala,#008217,3 Turda,26.062585322781,44.456810504696,-,functionale,
Functionare normala,#008217,5 Margeanului,26.06271,44.410215,-,functionale,
Functionare normala,#008217,Poliția TF,26.062853,44.448746,-,functionale,
Functionare normala,#008217,6 Petre Ispirescu,26.063427,44.415086,-,functionale,
Functionare normala,#008217,3 Rahova,26.063941035003,44.407012592846,-,functionale,
Functionare normala,#008217,9 Margeanului,26.064209,44.411109,-,functionale,
Functionare normala,#008217,Modul Paulescu,26.064253,44.430558,-,functionale,
Functionare normala,#008217,4 Petre Ispirescu,26.064395581908,44.417430763133,-,functionale,
Functionare normala,#008217,4 Turda,26.064999367196,44.455079369792,-,functionale,
Functionare normala,#008217,5 Petre Ispirescu,26.065070157523,44.418626206401,-,functionale,
Functionare normala,#008217,5 Lira,26.065089121033,44.422491348652,-,functionale,
Functionare normala,#008217,Sere GRӐDINA BOTANICӐ,26.065105,44.436683,-,functionale,
Functionare normala,#008217,11 Margeanului,26.065173,44.413174,-,functionale,
Functionare normala,#008217,3 Petre Ispirescu,26.065666162075,44.415103547395,-,functionale,
Functionare normala,#008217,Primăria Sectorului 6,26.065794,44.446201,-,functionale,
Functionare normala,#008217,140 – 1 Mai,26.065796,44.466321,-,functionale,
Functionare normala,#008217,I.P.R.E.C.,26.065843,44.479046,-,functionale,
Functionare normala,#008217,IPREC,26.065843,44.479046,-,functionale,
Functionare normala,#008217,2 Petre Ispirescu,26.066134922797,44.416784243165,-,functionale,
Functionare normala,#008217,R Grivita,26.066208,44.452892,-,functionale,
Functionare normala,#008217,10-1 Mai,26.066441294007,44.455422815038,-,functionale,
Functionare normala,#008217,ROMEXPO S.A. - ITIB 1,26.066449,44.474805,-,functionale,
Functionare normala,#008217,"ITIB 1,2",26.066449,44.474805,-,functionale,
Functionare normala,#008217,Institutul de Chimie Fizică Ilie Murgulescu (ICECHIM),26.066817,44.441502,-,functionale,
Functionare normala,#008217,2 Panduri,26.066935,44.425583,-,functionale,
Functionare normala,#008217,SOFTCHIM,26.06697,44.442283630371,-,functionale,
Functionare normala,#008217,Marinescu,26.066986,44.434689,-,functionale,
Functionare normala,#008217,MINISTERUL CHIMIEI,26.06721,44.440914154053,-,functionale,
Functionare normala,#008217,MFA Panduri,26.067354,44.427446,-,functionale,
Functionare normala,#008217,"bloc 1, bloc 2 (cod PT: 50039)",26.06743,44.420016,-,functionale,
Functionare normala,#008217,Ct Eroilor 2,26.0675335,44.4317365,-,functionale,
Functionare normala,#008217,Soldat Croitoru,26.067639004519,44.405528758357,-,functionale,
Functionare normala,#008217,4 Rahova,26.067725393401,44.407141162962,-,functionale,
Functionare normala,#008217,2 Rahova,26.067767241792,44.409809133109,-,functionale,
Functionare normala,#008217,3 Sebastian,26.06804,44.419285,-,functionale,
Functionare normala,#008217,7 Sebastian,26.068054,44.417223,-,functionale,
Functionare normala,#008217,K Grivita,26.06842,44.451418,-,functionale,
Functionare normala,#008217,1 Petre Ispirescu,26.068455,44.412716,-,functionale,
Functionare normala,#008217,Ct Eroilor 1,26.0685955,44.4308904,-,functionale,
Functionare normala,#008217,Ct Salaj,26.068746,44.395478,-,functionale,
Functionare normala,#008217,Ct Rosetti,26.0688622,44.3954255,-,functionale,
Functionare normala,#008217,ICECHIM,26.069063,44.44115447998,-,functionale,
Functionare normala,#008217,CAMIN 303,26.06918,44.44030380249,-,functionale,
Functionare normala,#008217,2 Turda,26.069306735287,44.458148725265,-,functionale,
Functionare normala,#008217,Institut Igienă,26.069331,44.436234,-,functionale,
Functionare normala,#008217,126-1 Mai,26.069466,44.464872,-,functionale,
Functionare normala,#008217,7 Dinicu Golescu,26.069617,44.448462,-,functionale,
Functionare normala,#008217,PT IPROCHIM,26.069872,44.44307,-,functionale,
Functionare normala,#008217,1 Turda,26.070118076364,44.460831279839,-,functionale,
Functionare normala,#008217,ASAS,26.070128,44.472439,-,functionale,
Functionare normala,#008217,SC 1/2,26.070346,44.443283081055,-,functionale,
Functionare normala,#008217,Av. Sanatescu,26.070469,44.46557,-,functionale,
Functionare normala,#008217,1 Titulescu,26.070794,44.452098,-,functionale,
Functionare normala,#008217,6 Sebastian,26.07084059149,44.414421595696,-,functionale,
Functionare normala,#008217,2 Titulescu,26.071028,44.450809,-,functionale,
Functionare normala,#008217,DTM,26.071292,44.463692,-,functionale,
Functionare normala,#008217,2-1 Mai,26.071466776364,44.461927683738,-,functionale,
Functionare normala,#008217,150 Grivita,26.071521,44.449723,-,functionale,
Functionare normala,#008217,1 Panduri,26.071555777041,44.423743263416,-,functionale,
Functionare normala,#008217,156 Grivita,26.071612,44.449731,-,functionale,
Functionare normala,#008217,MODUL TERMIC Witting,26.071616,44.442853,-,functionale,
Functionare normala,#008217,6 Rahova,26.071649205607,44.409858176973,-,functionale,
Functionare normala,#008217,1 Rahova,26.071761534219,44.412972402048,-,functionale,
Functionare normala,#008217,Spital Municipal,26.071948,44.436346,-,functionale,
Functionare normala,#008217,Vicina,26.072021090262,44.406575891751,-,functionale,
Functionare normala,#008217,Depozit Medicamente,26.072363,44.46588,-,functionale,
Functionare normala,#008217,UNIFARM,26.072363,44.46588,-,functionale,
Functionare normala,#008217,Garnizoana,26.072436,44.445508,-,functionale,
Functionare normala,#008217,Unitatea Militara 02122 Bucuresti,26.072578,44.445202,-,functionale,
Functionare normala,#008217,Tudor Vladimirescu,26.07291749147,44.422236390803,-,functionale,
Functionare normala,#008217,Spitalul Militar Central,26.073176,44.442386,-,functionale,
Functionare normala,#008217,3 Dinicu Golescu,26.073419,44.445855,-,functionale,
Functionare normala,#008217,Miciurin,26.073685,44.46349,-,functionale,
Functionare normala,#008217,148 Grivita,26.073705,44.448787,-,functionale,
Functionare normala,#008217,Gara de Nord,26.073923,44.447609,-,functionale,
Functionare normala,#008217,Primaria Sectorului 1,26.073971,44.453872,-,functionale,
Functionare normala,#008217,2 Sălaj,26.07423868657,44.406429200569,-,functionale,
Functionare normala,#008217,146 Grivita,26.074409,44.448366,-,functionale,
Functionare normala,#008217,Club Steaua,26.074465,44.440007,-,functionale,
Functionare normala,#008217,Spitalul Elias,26.074533,44.465167,-,functionale,
Functionare normala,#008217,3 Sălaj,26.074804817897,44.403277768506,-,functionale,
Functionare normala,#008217,2 Ferentari,26.075045077416,44.412463447087,-,functionale,
Functionare normala,#008217,1 din 13 Septembrie,26.075102595166,44.424901860922,-,functionale,
Functionare normala,#008217,1 Sălaj,26.075109562074,44.409725099236,-,functionale,
Functionare normala,#008217,3 Titulescu,26.075444,44.45218,-,functionale,
Functionare normala,#008217,6-1 Mai,26.075447858526,44.463146908263,-,functionale,
Functionare normala,#008217,Nicolae Racotă,26.075447858526,44.463146908263,-,functionale,
Functionare normala,#008217,MODUL TERMIC Vila 45,26.07551,44.450728,-,functionale,
Functionare normala,#008217,Iacob Negruzzi,26.07551,44.450728,-,functionale,
Functionare normala,#008217,B Dinicu Golescu,26.075622,44.444327,-,functionale,
Functionare normala,#008217,1 Banu Manta,26.0756306878,44.455159022004,-,functionale,
Functionare normala,#008217,9-1 Mai,26.075837,44.458875,-,functionale,
Functionare normala,#008217,5-1 Mai,26.076042,44.460045,-,functionale,
Functionare normala,#008217,Sora,26.076057,44.44814,-,functionale,
Functionare normala,#008217,3-11 Duca,26.076057,44.44814,-,functionale,
Functionare normala,#008217,2 din 13 Septembrie,26.076210362054,44.423782682013,-,functionale,
Functionare normala,#008217,2 Banu Manta,26.076361108355,44.454132576451,-,functionale,
Functionare normala,#008217,Hotel Dunarea,26.076376,44.447669,-,functionale,
Functionare normala,#008217,Muzeul Militar,26.076406,44.441557,-,functionale,
Functionare normala,#008217,Scoala Ciuvica,26.07649,44.45277,-,functionale,
Functionare normala,#008217,D3 Gara,26.076773,44.446825,-,functionale,
Functionare normala,#008217,Ct Ferentari 72,26.0769497,44.404549,-,functionale,
Functionare normala,#008217,4 Sălaj,26.07699868657,44.408497420113,-,functionale,
Functionare normala,#008217,Ct Baneasa agronomi,26.0770449,44.4947215,-,functionale,
Functionare normala,#008217,Palatul CFR,26.077138,44.444102,-,functionale,
Functionare normala,#008217,3 Ferentari,26.07737359091,44.412249424584,-,functionale,
Functionare normala,#008217,10-22 Duca,26.077618,44.448786,-,functionale,
Functionare normala,#008217,A Gara,26.077775,44.445302,-,functionale,
Functionare normala,#008217,Ct Vistea,26.0778187,44.3922828,-,functionale,
Functionare normala,#008217,6 Sălaj,26.078203,44.408966,-,functionale,
Functionare normala,#008217,9 Titulescu,26.078511,44.452477,-,functionale,
Functionare normala,#008217,7 Clucerului,26.07863,44.458744,-,functionale,
Functionare normala,#008217,S.C. Informatica Feroviara S.A.,26.078679,44.443752,-,functionale,
Functionare normala,#008217,Ministerul de Chimie (Inst.Politehnic Polizu),26.07883,44.448616,-,functionale,
Functionare normala,#008217,4 Chirigiu,26.078861197097,44.414500986252,-,functionale,
Functionare normala,#008217,6 Chirigiu,26.079139902556,44.416788864916,-,functionale,
Functionare normala,#008217,Ct Stirbei Voda,26.079397,44.439713,-,functionale,
Functionare normala,#008217,12-1 Mai,26.079518,44.454305,-,functionale,
Functionare normala,#008217,Ct Aleea Trandafirilor,26.0796532,44.4665406,-,functionale,
Functionare normala,#008217,Veronica Micle,26.079921424412,44.450703301752,-,functionale,
Functionare normala,#008217,Ct Scoala Ferentari,26.0802475,44.3924765,-,functionale,
Functionare normala,#008217,8-1 Mai,26.080646,44.456249,-,functionale,
Functionare normala,#008217,Univ. Stiinte Agronom. si Med. Veterinara Buc.- Facultatea de Biotehnologii (CIOS),26.080721,44.433442,-,functionale,
Functionare normala,#008217,Ct Baneasa 1,26.0809988,44.4921402,-,functionale,
Functionare normala,#008217,3 din 13 Septembrie,26.081255079824,44.424305273891,-,functionale,
Functionare normala,#008217,Doina,26.081339,44.408684,-,functionale,
Functionare normala,#008217,Grădiniţa Nr.268 Scoala Nr.128,26.081435,44.423287,-,functionale,
Functionare normala,#008217,Hotel CONTINENTAL,26.08192,44.429852,-,functionale,
Functionare normala,#008217,Atelier Vicarb,26.082168,44.449766,-,functionale,
Functionare normala,#008217,2 P-ta Victoriei,26.082532012598,44.451489269822,-,functionale,
Functionare normala,#008217,MApN,26.082604,44.429295,-,functionale,
Functionare normala,#008217,5 Chirigiu,26.082742952836,44.416499595498,-,functionale,
Functionare normala,#008217,Ct Baneasa 2,26.0828596,44.4917551,-,functionale,
Functionare normala,#008217,Ct Pavel Constantin,26.0830356,44.3900175,-,functionale,
Functionare normala,#008217,Ct Ferentari Depou,26.0841628,44.3881308,-,functionale,
Functionare normala,#008217,Ct Baciului,26.0847566,44.3852913,-,functionale,
Functionare normala,#008217,Inst. Geologic al Romaniei - I.G.R. Muzeul Geologic National,26.085405,44.454905,-,functionale,
Functionare normala,#008217,3 P-Ţa Victoriei,26.085642,44.451267,-,functionale,
Revizie tehnică reţea termică primară,#e0002b,Modul Toporaşi,26.08617,44.391247,Oprire ACC,avarii,02.10.2023 23:30
Functionare normala,#008217,CASA ACADEMIEI,26.087029,44.422466,-,functionale,
Functionare normala,#008217,Ct Paunasul Codrilor,26.0871995,44.4016134,-,functionale,
Functionare normala,#008217,Aviatorilor & Office Building S.R.L,26.087229,44.454089,-,functionale,
Functionare normala,#008217,2 Ilie Pintilie,26.089796,44.451554,-,functionale,
Functionare normala,#008217,9 Farado,26.089946635982,44.385945117558,-,functionale,
Functionare normala,#008217,6 Farado,26.090820702892,44.38686381063,-,functionale,
Functionare normala,#008217,Giurgiu Farado,26.091000978619,44.385540131115,-,functionale,
Functionare normala,#008217,Izvorul Cosbuc,26.0911198,44.422754,-,functionale,
Functionare normala,#008217,1 Ilie Pintilie,26.091503,44.452955,-,functionale,
Functionare normala,#008217,Ct Doctor Sion,26.0917943,44.439425,-,functionale,
Functionare normala,#008217,12 Giurgiu,26.0918888,44.3904048,-,functionale,
Functionare normala,#008217,103A,26.091934,44.430967,-,functionale,
Functionare normala,#008217,11 Giurgiu,26.092184,44.3909303,-,functionale,
Functionare normala,#008217,1 Giurgiu,26.092301441168,44.3925916653,-,functionale,
Functionare normala,#008217,Ct Victoriei,26.0926711,44.4426509,-,functionale,
Functionare normala,#008217,Ct Luterana,26.0932006,44.4388049,-,functionale,
Functionare normala,#008217,Ct Viilor,26.0933466,44.4079566,-,functionale,
Functionare normala,#008217,Modul Termic - Grădinița nr.228,26.09404,44.385615,-,functionale,
Functionare normala,#008217,2 Serban Voda,26.09422245347,44.407206059668,-,functionale,
Functionare normala,#008217,6 Aviatiei,26.094529,44.485363,-,functionale,
Functionare normala,#008217,Modul Termic - Grădinița nr.62,26.0946219,44.3832572,-,functionale,
Functionare normala,#008217,Tudor Gociu,26.094622082873,44.373998980552,-,functionale,
Functionare normala,#008217,Modul Termic - Școala nr.119,26.094632,44.383198,-,functionale,
Functionare normala,#008217,Modul Termic - Grădinița nr.243,26.09484,44.38183,-,functionale,
Functionare normala,#008217,Beller Bitolia,26.095018,44.461315,-,functionale,
Functionare normala,#008217,Ct Gemeni 2,26.0950473,44.4299056,-,functionale,
Functionare normala,#008217,1 Aviatiei,26.095073647493,44.480481144407,-,functionale,
Functionare normala,#008217,Ct Gemeni 1,26.0950782,44.4298825,-,functionale,
Functionare normala,#008217,V.S.Sud,26.0952135,44.4263824,-,functionale,
Functionare normala,#008217,Ct Turn Palat,26.0952268,44.4373913,-,functionale,
Functionare normala,#008217,Ct Amzei,26.0953565,44.4433436,-,functionale,
Functionare normala,#008217,Almașul Mare,26.095455589788,44.383011080574,-,functionale,
Functionare normala,#008217,5 Aviatiei,26.095541252097,44.485812427579,-,functionale,
Functionare normala,#008217,Spinis,26.0955769,44.3848738,-,functionale,
Functionare normala,#008217,Pieptanari,26.095686,44.4044139,-,functionale,
Functionare normala,#008217,VSNord,26.096176,44.427534,-,functionale,
Functionare normala,#008217,Gioconda,26.096243,44.428604,-,functionale,
Functionare normala,#008217,2 Giurgiu,26.096327333861,44.39508619812,-,functionale,
Functionare normala,#008217,Urziceni,26.096506070751,44.38011590466,-,functionale,
Functionare normala,#008217,Livada Noua,26.096548571872,44.391970416785,-,functionale,
Functionare normala,#008217,Scoala Generala Nr.308 - Sala Sport,26.0965993,44.3857631,-,functionale,
Functionare normala,#008217,4 Aviatiei,26.096636334391,44.483273237609,-,functionale,
Functionare normala,#008217,Ct 18 A,26.0967603,44.4376471,-,functionale,
Functionare normala,#008217,Modul Termic - Școala nr.165,26.0972968,44.3796615,-,functionale,
"Lucrari modernizare Retea Termica Primara,executate de Compania Energetica SA",#e0002b,2 Dorobanti,26.097312,44.454707,Oprire ACC,avarii,04.09.2023 23:30
Functionare normala,#008217,Ct Protopopescu,26.0973931,44.4635696,-,functionale,
Functionare normala,#008217,Ct Dorobanti,26.097922,44.4561418,-,functionale,
"Lucrari modernizare Retea Termica Primara,executate de Compania Energetica SA",#e0002b,Casata,26.098069,44.445504,Oprire ACC,avarii,04.09.2023 23:30
Functionare normala,#008217,Ct Magheru 7-9,26.0980817,44.4426637,-,functionale,
"Lucrari modernizare Retea Termica Primara,executate de Compania Energetica SA",#e0002b,12 Gostat,26.098333,44.452639,Oprire ACC,avarii,04.09.2023 23:30
Functionare normala,#008217,1 Stoian Militaru,26.098421911171,44.399987462908,-,functionale,
Functionare normala,#008217,Tribunal,26.098555,44.428549,-,functionale,
"Lucrari modernizare Retea Termica Primara,executate de Compania Energetica SA",#e0002b,61-63 Dorobanti,26.098833,44.450254,Oprire ACC,avarii,04.09.2023 23:30
Functionare normala,#008217,1 Serban Voda,26.098865614202,44.411041346985,-,functionale,
Functionare normala,#008217,2 Aviatiei,26.098884270277,44.480132787097,-,functionale,
"Lucrari modernizare Retea Termica Primara,executate de Compania Energetica SA",#e0002b,11 Dorobanti,26.099704,44.448236,Oprire ACC,avarii,04.09.2023 23:30
"Lucrari modernizare Retea Termica Primara,executate de Compania Energetica SA",#e0002b,Perla,26.099794,44.453627,Oprire ACC,avarii,04.09.2023 23:30
Functionare normala,#008217,Radu Beller,26.099819753058,44.462775003786,-,functionale,
Functionare normala,#008217,CT Stoian Militaru,26.0998712,44.3950411,-,functionale,
"Lucrari modernizare Retea Termica Primara,executate de Compania Energetica SA",#e0002b,Cosmonautilor,26.099916,44.444995,Oprire ACC,avarii,04.09.2023 23:30
Functionare normala,#008217,Luica,26.100213069996,44.379829215217,-,functionale,
Functionare normala,#008217,CT Floreasca,26.1002561,44.4628711,-,functionale,
Functionare normala,#008217,2 Vifornita,26.100341665398,44.385130342076,-,functionale,
Functionare normala,#008217,3 Aviatiei,26.100412519401,44.483988987903,-,functionale,
Functionare normala,#008217,Floreasca,26.100444,44.460711,-,functionale,
Functionare normala,#008217,Garajul Parlamentului,26.1004637,44.4181169,-,functionale,
Functionare normala,#008217,Ct Scala,26.1006095,44.4404041,-,functionale,
Functionare normala,#008217,Ct Dunarea,26.1006883,44.4369993,-,functionale,
Functionare normala,#008217,4 Vifornita,26.101022962633,44.387629050495,-,functionale,
Functionare normala,#008217,Modul Bl. 6 Stefan cel Mare,26.1010691,44.4532306,-,functionale,
Functionare normala,#008217,Modul Termic - Centrul de Îngrijire nr.1,26.1013311,44.3820278,-,functionale,
Functionare normala,#008217,2 Stoian Militaru,26.1013311,44.3994455,-,functionale,
Functionare normala,#008217,S.C. DINAMO,26.101608,44.454968,-,functionale,
Functionare normala,#008217,Scoala I Teodoreanu nr.36 - Sala Sport,26.10175,44.38052,-,functionale,
Functionare normala,#008217,Modul Termic - Școala Gimnaziala Ionel Teodoreanu,26.10175,44.38052,-,functionale,
Functionare normala,#008217,Modul Termic - Scoala 110,26.10175,44.38755,-,functionale,
Functionare normala,#008217,Modul Termic - Spitalul Alexandru Obregia ( Creșa 25 ) / Stationar de zi,26.1019417,44.3868396,-,functionale,
Functionare normala,#008217,1 Zona IV,26.102071038049,44.381342962667,-,functionale,
Functionare normala,#008217,Huedin,26.102480601346,44.383094497956,-,functionale,
Functionare normala,#008217,2 Stefan cel Mare,26.102797744243,44.452473887142,-,functionale,
Functionare normala,#008217,P 5 A,26.10306,44.425361,-,functionale,
Functionare normala,#008217,Ct Marasesti 3,26.1035795,44.4168825,-,functionale,
Functionare normala,#008217,Ct Marasesti 9-10,26.1035795,44.4168825,-,functionale,
Functionare normala,#008217,Modul Termic - Școala nr.129,26.1046421,44.3850163,-,functionale,
Functionare normala,#008217,Ct Marasesti 11,26.1047833,44.4206301,-,functionale,
Functionare normala,#008217,2 Zona V,26.104838484162,44.384658526292,-,functionale,
Functionare normala,#008217,SC Unirea Shoping Center,26.104944,44.427833,-,functionale,
Functionare normala,#008217,Ct Marasesti 6,26.1050042,44.4236355,-,functionale,
Functionare normala,#008217,Modul Termic - Grădinița nr.4,26.1051016,44.3827552,-,functionale,
Functionare normala,#008217,Dealul Cernei,26.105116901351,44.381642433902,-,functionale,
Functionare normala,#008217,Modul Termic - Grădinița nr.207 - Floare Albastra,26.1053206,44.3814854,-,functionale,
Functionare normala,#008217,Modul Termic - Școala nr.99,26.1053684,44.3819968,-,functionale,
Functionare normala,#008217,6 Vifornita,26.105414245634,44.378418106443,-,functionale,
Functionare normala,#008217,Uioara,26.105435,44.378447,-,functionale,
Functionare normala,#008217,Ct Republicii,26.1055177,44.4361953,-,functionale,
Functionare normala,#008217,1 Zona V,26.1056431,44.3866762,-,functionale,
Functionare normala,#008217,Prasilei,26.105839910673,44.391916643434,-,functionale,
Functionare normala,#008217,Barbu Vacarescu,26.1059908,44.4551644,-,functionale,
Functionare normala,#008217,C3 Căuzaşi,26.1060651,44.4276679,-,functionale,
Functionare normala,#008217,Sincai,26.10609475495,44.414173206729,-,functionale,
Functionare normala,#008217,B 3 Cauzasi,26.1062371,44.4253034,-,functionale,
Functionare normala,#008217,Ct Mozart,26.1062478,44.4613062,-,functionale,
Functionare normala,#008217,Ct Directie,26.1062559,44.4328351,-,functionale,
Functionare normala,#008217,2 Oltenita Placare,26.106476984162,44.398713669306,-,functionale,
Functionare normala,#008217,Modul Termic - Liceul Vulcănescu,26.1068081,44.3847419,-,functionale,
Functionare normala,#008217,Modul Termic - Grădinița Nr.225,26.1070864,44.3865416,-,functionale,
Functionare normala,#008217,Curcani,26.107296,44.380569,-,functionale,
Functionare normala,#008217,Norilor,26.107789867011,44.415164746249,-,functionale,
Functionare normala,#008217,3 Zona V,26.107981119744,44.384573375339,-,functionale,
Functionare normala,#008217,4 Oltenita Placare,26.108230672484,44.395891612178,-,functionale,
Functionare normala,#008217,7 Călăraşi,26.1084422,44.4302894,-,functionale,
Functionare normala,#008217,4 Lanariei,26.108552873077,44.416253484323,-,functionale,
Functionare normala,#008217,Ct Caporal Balan,26.1089162,44.4223084,-,functionale,
Functionare normala,#008217,5 Brancoveanu,26.109063779842,44.391537074242,-,functionale,
Functionare normala,#008217,1 Tineretului,26.110004686011,44.412415871448,-,functionale,
Functionare normala,#008217,3 Stefan cel Mare,26.110112645531,44.452411949595,-,functionale,
Functionare normala,#008217,3 Oltenita Placare,26.110186,44.400524,-,functionale,
Functionare normala,#008217,Observator Astronomic,26.1103,44.40622,-,functionale,
Functionare normala,#008217,Aleea Circului,26.1103072,44.4532304,-,functionale,
Functionare normala,#008217,Sala Polivalenta,26.110325,44.405366,-,functionale,
Functionare normala,#008217,2 Tineretului,26.110353373161,44.412216611444,-,functionale,
Functionare normala,#008217,Galvani Tei,26.11061765533,44.459736244268,-,functionale,
Functionare normala,#008217,Biblioteca Nationala,26.110639,44.427333,-,functionale,
Functionare normala,#008217,Tribunalul Bucuresti,26.110639,44.427333,-,functionale,
Functionare normala,#008217,6 Zona II,26.110954182958,44.385173824756,-,functionale,
Functionare normala,#008217,2 Lanariei,26.111062720949,44.414994429015,-,functionale,
Functionare normala,#008217,1 Zona II,26.111328898883,44.38079632111,-,functionale,
Functionare normala,#008217,3 Zona II,26.111366449804,44.380826993008,-,functionale,
Functionare normala,#008217,6 Mărășești,26.111569424001,44.420779379125,-,functionale,
Functionare normala,#008217,6 Brancoveanu,26.111738694051,44.394643867895,-,functionale,
Functionare normala,#008217,2 Nitu Vasile,26.111858,44.38868,-,functionale,
Functionare normala,#008217,BL U114 (UM 02544/B1),26.111937,44.431641,-,functionale,
Functionare normala,#008217,E1,26.1124128,44.427417,-,functionale,
Functionare normala,#008217,1 Oltenita Placare,26.112497292729,44.396287408723,-,functionale,
Functionare normala,#008217,3 Nitu Vasile,26.11257,44.39085,-,functionale,
Functionare normala,#008217,Ministerul de Finante,26.112575,44.419647,-,functionale,
Functionare normala,#008217,BCR Unirea,26.112583,44.42675,-,functionale,
Functionare normala,#008217,4 Mărăşeşti,26.112586271896,44.423072403401,-,functionale,
Functionare normala,#008217,4 Zona II,26.112948168355,44.378035325242,-,functionale,
Functionare normala,#008217,SIAC-TIMB,26.113097,44.462546,-,functionale,
Functionare normala,#008217,5 Mărăşeşti,26.113213832351,44.420436778383,-,functionale,
Functionare normala,#008217,5 Zona II,26.113497720948,44.38387078867,-,functionale,
Functionare normala,#008217,3 Tineretului,26.1136777289,44.41071864561,-,functionale,
Functionare normala,#008217,Judetului,26.1139841,44.4586959,-,functionale,
Functionare normala,#008217,Posta,26.114064589621,44.383052351322,-,functionale,
Functionare normala,#008217,8 Brancoveanu,26.114225199794,44.39361699317,-,functionale,
Functionare normala,#008217,Institutul Boli Infectioase Matei Bals,26.114279,44.454604,-,functionale,
Functionare normala,#008217,Metalurgiei,26.114452759835,44.386737457202,-,functionale,
Functionare normala,#008217,Complex Comercial,26.11472,44.39693,-,functionale,
Functionare normala,#008217,Opanez,26.115513157822,44.461534099323,-,functionale,
Functionare normala,#008217,Modul Bl. 23,26.115555,44.453015,-,functionale,
Functionare normala,#008217,Ramuri Tei,26.1157015,44.4635268,-,functionale,
Functionare normala,#008217,Modul Termic - Colegiul National Octav Onicescu,26.1157798,44.3862695,-,functionale,
Functionare normala,#008217,3 Mărăşeşti,26.115808161431,44.421413449341,-,functionale,
Functionare normala,#008217,Plugarilor,26.115848218678,44.412190063559,-,functionale,
Functionare normala,#008217,D.C.,26.115967,44.415619,-,functionale,
Functionare normala,#008217,T.S.,26.115967,44.415619,-,functionale,
Functionare normala,#008217,4 Nitu Vasile,26.116238713641,44.390884645694,-,functionale,
Functionare normala,#008217,4 Tineretului,26.116260968821,44.409295047197,-,functionale,
Functionare normala,#008217,2 Oltenitei,26.116447516576,44.396924554192,-,functionale,
Functionare normala,#008217,AUTOCENTER,26.116503,44.441444,-,functionale,
Functionare normala,#008217,6 Mosilor,26.116536292115,44.441189280039,-,functionale,
Functionare normala,#008217,2 Mărășești,26.116844472496,44.420289903111,-,functionale,
Functionare normala,#008217,2 Zona II,26.116932089062,44.37759796488,-,functionale,
Functionare normala,#008217,1 Nitu Vasile,26.116981477426,44.389940769358,-,functionale,
Functionare normala,#008217,19 Dolhasca,26.116995,44.3922097,-,functionale,
Functionare normala,#008217,2 A Metalurgiei,26.1170617,44.3883856,-,functionale,
Functionare normala,#008217,4 Zona I,26.117068176908,44.383616062266,-,functionale,
Functionare normala,#008217,7 Mosilor,26.117097664565,44.440074174092,-,functionale,
Functionare normala,#008217,Complex Comercial,26.11729,44.39183,-,functionale,
Functionare normala,#008217,3 Mosilor,26.11731680423,44.44339141713,-,functionale,
Functionare normala,#008217,RATB-URAC,26.117374,44.453661,-,functionale,
Functionare normala,#008217,9 Brâncoveanu,26.117443501343,44.392684134422,-,functionale,
Functionare normala,#008217,17 Dolhasca,26.117482,44.394042,-,functionale,
Functionare normala,#008217,4 Stefan cel Mare,26.1175694,44.4520234,-,functionale,
Functionare normala,#008217,1 Labirint,26.118135816644,44.431054647361,-,functionale,
Functionare normala,#008217,13 Lacul Tei,26.1182756,44.4618986,-,functionale,
Functionare normala,#008217,5 Metalurgiei,26.118363463921,44.378065295718,-,functionale,
Functionare normala,#008217,29 Stefan cel Mare,26.1183962,44.4526916,-,functionale,
Functionare normala,#008217,E6,26.1186991,44.4272873,-,functionale,
Functionare normala,#008217,7 Zona I,26.11894,44.379233,-,functionale,
Functionare normala,#008217,5 Oltenita,26.11902307807,44.395952170373,-,functionale,
Functionare normala,#008217,21 Foișor,26.119679692198,44.420805164492,-,functionale,
Functionare normala,#008217,1 Zona I,26.119855,44.386471,-,functionale,
Functionare normala,#008217,Scoala Gimnaziala Nr.189,26.11986,44.38152,-,functionale,
Functionare normala,#008217,2 Vacaresti,26.120006484811,44.402289503388,-,functionale,
Functionare normala,#008217,1 Vacaresti,26.120041334401,44.406562899734,-,functionale,
Functionare normala,#008217,M107,26.1200934,44.4249848,-,functionale,
Functionare normala,#008217,Luncsoara,26.120118966523,44.450912311984,-,functionale,
Functionare normala,#008217,5 Lacul Tei,26.1204375,44.4628725,-,functionale,
Functionare normala,#008217,F6,26.1205503,44.427067,-,functionale,
Functionare normala,#008217,1 Bis Zona I,26.120579547003,44.386231715331,-,functionale,
Functionare normala,#008217,2 Zona I,26.120605545611,44.383072049719,-,functionale,
Functionare normala,#008217,5 Zona I,26.120884643721,44.379951807385,-,functionale,
Functionare normala,#008217,1 Mărăşeşti,26.121202279845,44.423412919384,-,functionale,
Functionare normala,#008217,1 Mosilor,26.121203416571,44.44468378857,-,functionale,
Functionare normala,#008217,12 Foișor,26.121324108352,44.417799604922,-,functionale,
Functionare normala,#008217,4 Cheile Zanoagei,26.121422246091,44.458492884321,-,functionale,
Functionare normala,#008217,Autoleader Top SRL,26.121549,44.447494,-,functionale,
Functionare normala,#008217,4 Labirint,26.121550365687,44.430035348188,-,functionale,
Functionare normala,#008217,30 Stefan cel Mare,26.1215781,44.4517649,-,functionale,
Functionare normala,#008217,4 Mosilor,26.121893601914,44.447126919499,-,functionale,
Functionare normala,#008217,ICB,26.121958,44.462771,-,functionale,
Functionare normala,#008217,Sala de Sport UTCB,26.121958,44.464046,-,functionale,
Functionare normala,#008217,6 Zona I,26.122111,44.378799,-,functionale,
Functionare normala,#008217,3 Cheile Zanoagei,26.122357997099,44.461582573308,-,functionale,
Functionare normala,#008217,11 Foișor,26.122753704537,44.418630166332,-,functionale,
Functionare normala,#008217,5 Mosilor,26.122853849226,44.449580024163,-,functionale,
Functionare normala,#008217,Parohia Foisor,26.123107,44.414968,-,functionale,
Functionare normala,#008217,Asociatia Diaconia,26.123107,44.414968,-,functionale,
Functionare normala,#008217,13 Foișor,26.123356994652,44.42005700227,-,functionale,
Functionare normala,#008217,14 Foișor,26.123675134747,44.421044311597,-,functionale,
Functionare normala,#008217,1 Colentina,26.12367664304,44.452127590305,-,functionale,
Functionare normala,#008217,3 Labirint,26.12427751447,44.4310235807,-,functionale,
Functionare normala,#008217,2 Cheile Zanoagei,26.124608065815,44.460380612534,-,functionale,
Functionare normala,#008217,2 Mosilor,26.124641248663,44.448063221244,-,functionale,
Functionare normala,#008217,1 Cheile Zanoagei,26.124698985992,44.459084933579,-,functionale,
Functionare normala,#008217,16 Foișor,26.12508802834,44.421960932282,-,functionale,
Functionare normala,#008217,19 Foișor,26.125177025844,44.414937449896,-,functionale,
Functionare normala,#008217,SC Apa Nova Teiul Doamnei,26.125192,44.460488,-,functionale,
Functionare normala,#008217,15 Foișor,26.125222582959,44.415878471304,-,functionale,
Functionare normala,#008217,3 Bis Zona I,26.125366778702,44.381149305739,-,functionale,
Functionare normala,#008217,3 Zona I,26.125366778702,44.381149305739,-,functionale,
Functionare normala,#008217,Ion Maiorescu,26.12550488294,44.446521547689,-,functionale,
Functionare normala,#008217,2 Colentina,26.1255967,44.4521405,-,functionale,
Functionare normala,#008217,Ct Turturele,26.1257568,44.4276675,-,functionale,
Functionare normala,#008217,ALMO,26.125831,44.449764,-,functionale,
Functionare normala,#008217,2 Teiul Doamnei,26.125906099465,44.461141708789,-,functionale,
Functionare normala,#008217,10 Vitan,26.126259911503,44.417327288397,-,functionale,
Functionare normala,#008217,P8 Foisor,26.126542,44.44595,-,functionale,
Functionare normala,#008217,1 Berceni Oltenita,26.126628591469,44.390700779569,-,functionale,
Functionare normala,#008217,J2 Unirii,26.1267818,44.4250933,-,functionale,
Functionare normala,#008217,3 Colentina,26.126928389148,44.455070515839,-,functionale,
Functionare normala,#008217,G3,26.126932,44.4262842,-,functionale,
Functionare normala,#008217,3 Călăraşi,26.126944371314,44.432951436049,-,functionale,
Functionare normala,#008217,P10 Foisor,26.127223,44.444023,-,functionale,
Functionare normala,#008217,Biblioteca Odobescu,26.127654,44.443965,-,functionale,
Functionare normala,#008217,17-18 Petricani,26.127704,44.4644793,-,functionale,
Functionare normala,#008217,1 Teiul Doamnei,26.127756636853,44.4598865995,-,functionale,
Functionare normala,#008217,Liceul Iulia Hasdeu,26.127771,44.443865,-,functionale,
Functionare normala,#008217,Sabaoani,26.1278384,44.3808968,-,functionale,
Functionare normala,#008217,Ziduri Mosi,26.127896,44.452143,-,functionale,
Functionare normala,#008217,Chiristigii,26.127924439428,44.447326509041,-,functionale,
Functionare normala,#008217,C.A.,26.127998,44.407716,-,functionale,
Functionare normala,#008217,P7 Foisor,26.12806364211,44.444173277368,-,functionale,
Functionare normala,#008217,P7A Foisor,26.12806364211,44.444173277368,-,functionale,
Functionare normala,#008217,7 Vitan,26.128455383519,44.419379323276,-,functionale,
Functionare normala,#008217,P16 Mihai Bravu,26.128648841835,44.444994219219,-,functionale,
Functionare normala,#008217,9 Vitan,26.128856573161,44.41682203405,-,functionale,
Functionare normala,#008217,Modul Termic - Școala nr.133,26.12887,44.3883,-,functionale,
Functionare normala,#008217,3 Vaselor,26.128912256533,44.446328142942,-,functionale,
Functionare normala,#008217,7 IRTA,26.1289913,44.4568374,-,functionale,
Functionare normala,#008217,1 Oltenita Nord,26.129055642038,44.392483164384,-,functionale,
Functionare normala,#008217,5 Călăraşi,26.129109287925,44.431374163217,-,functionale,
Functionare normala,#008217,Modul Termic - Trident,26.12918,44.38275,-,functionale,
Functionare normala,#008217,2 Cornul Caprei,26.129300577458,44.423398013129,-,functionale,
Functionare normala,#008217,Nada Florilor,26.129386038847,44.461432789918,-,functionale,
Functionare normala,#008217,Moldovita,26.129779720979,44.38171113331,-,functionale,
Functionare normala,#008217,2 Berceni Oltenita,26.130102166329,44.389081067625,-,functionale,
Functionare normala,#008217,4 Dudești,26.130161607456,44.421506874975,-,functionale,
Functionare normala,#008217,U1 Avrig,26.130527,44.4461498,-,functionale,
Functionare normala,#008217,I3,26.1305385,44.4255587,-,functionale,
Functionare normala,#008217,3 Petricani,26.1306196,44.4628221,-,functionale,
Functionare normala,#008217,1 Republicii,26.13070950374,44.441710614965,-,functionale,
Functionare normala,#008217,4 Colentina,26.130730316136,44.459286465278,-,functionale,
Functionare normala,#008217,Dumitru Petrescu,26.130737,44.3816507,-,functionale,
Functionare normala,#008217,2 Călăraşi,26.130745005608,44.430669191467,-,functionale,
Functionare normala,#008217,7 Colentina,26.131025935733,44.455835581978,-,functionale,
Functionare normala,#008217,6 Vitan,26.131058120473,44.416724543903,-,functionale,
Functionare normala,#008217,5 Colentina,26.131095096539,44.459811014592,-,functionale,
Functionare normala,#008217,1 Dimitrov,26.13114,44.44352,-,functionale,
Functionare normala,#008217,U2 Avrig,26.1312127,44.4460697,-,functionale,
Functionare normala,#008217,3 Berceni Oltenița,26.131241189752,44.388391022016,-,functionale,
Functionare normala,#008217,CEFIN,26.131306,44.446972,-,functionale,
Functionare normala,#008217,5 Cornul Caprei,26.132061748021,44.423590318535,-,functionale,
Functionare normala,#008217,C16 Mihai Bravu,26.1328203,44.4421889,-,functionale,
Functionare normala,#008217,5 Berceni Oltenița,26.133167315468,44.384229441684,-,functionale,
Functionare normala,#008217,Ilarie Chendi,26.133233349226,44.440041276184,-,functionale,
Functionare normala,#008217,4 Berceni Oltenita,26.13325,44.38692,-,functionale,
Functionare normala,#008217,1 Călăraşi,26.133332361636,44.431944022885,-,functionale,
Functionare normala,#008217,6 Colentina,26.1334184,44.4605019,-,functionale,
Functionare normala,#008217,IN CITY,26.133433,44.420154,-,functionale,
Functionare normala,#008217,INTERMACEDONIA,26.133466,44.441924,-,functionale,
Functionare normala,#008217,Mecanica Fina,26.133503,44.446273,-,functionale,
Functionare normala,#008217,1 Laborator,26.133589904404,44.418128188483,-,functionale,
Functionare normala,#008217,S14,26.1335993,44.429671,-,functionale,
Functionare normala,#008217,2 Oltenita Nord,26.133600264974,44.390241643096,-,functionale,
Functionare normala,#008217,Propriu 1,26.1340851,44.3885859,-,functionale,
Functionare normala,#008217,64 Colentina,26.1341763,44.4625036,-,functionale,
Functionare normala,#008217,S6,26.1341874,44.4288294,-,functionale,
Functionare normala,#008217,D18 Mihai Bravu,26.134342495818,44.438360802765,-,functionale,
Functionare normala,#008217,4 Theodor Speranţia,26.134450464567,44.427643772709,-,functionale,
Functionare normala,#008217,2 Vitan,26.13449706238,44.413759804623,-,functionale,
Functionare normala,#008217,BRANTO ( fost CARMESIN ),26.134498,44.449019,-,functionale,
Functionare normala,#008217,4 Iancului,26.134771,44.441143,-,functionale,
Functionare normala,#008217,Propriu 2,26.1348708,44.3880869,-,functionale,
Functionare normala,#008217,Colegiul Tehnic Mihai Bravu,26.135111,44.419472,-,functionale,
Functionare normala,#008217,2 Colentina 2,26.135144,44.462756,-,functionale,
Functionare normala,#008217,3 Theodor Speranţia,26.135197,44.430716,-,functionale,
Functionare normala,#008217,Imobil Nicolau,26.135336,44.460493,-,functionale,
Functionare normala,#008217,7 Berceni Oltenita,26.135405519137,44.382201301417,-,functionale,
Functionare normala,#008217,6 Doamna Ghica,26.135532415513,44.459017658526,-,functionale,
Lucrari de modernizare-  inlocuit conducta DN 1000 Retea Primara,#e0002b,SC APA NOVA- sediu COGRM,26.135694,44.407111,Oprire ACC,avarii,22.10.2023 20:00
Functionare normala,#008217,D11 Mihai Bravu,26.1357183,44.4393926,-,functionale,
Functionare normala,#008217,V.M.,26.13574,44.405862,-,functionale,
Functionare normala,#008217,22 Pantelimon,26.135933408101,44.444295112246,-,functionale,
Functionare normala,#008217,3 Iancului,26.1360142,44.4419354,-,functionale,
Functionare normala,#008217,3 Unităţii,26.136026253564,44.424308266726,-,functionale,
Functionare normala,#008217,202 Mihai Bravu,26.136074665796,44.435393614885,-,functionale,
Functionare normala,#008217,Sectia 8 Politie,26.136102,44.438772,-,functionale,
Functionare normala,#008217,2 Unităţii,26.136336299463,44.423022157269,-,functionale,
Functionare normala,#008217,16 Răcari,26.136792235983,44.413274470197,-,functionale,
Functionare normala,#008217,7 Doamna Ghica,26.136793039178,44.460784338422,-,functionale,
Functionare normala,#008217,201 Mihai Bravu,26.13699093943,44.433067298938,-,functionale,
Lucrari de modernizare-  inlocuit conducta DN 1000 Retea Primara,#e0002b,Clinica Sfanta Lucia,26.137278,44.40575,Oprire ACC,avarii,22.10.2023 20:00
Functionare normala,#008217,D5 Mihai Bravu,26.1373873,44.4367743,-,functionale,
Functionare normala,#008217,6 Berceni Oltenita,26.137433754027,44.384965068941,-,functionale,
Functionare normala,#008217,21 Pantelimon,26.137619798786,44.444396965841,-,functionale,
Functionare normala,#008217,17 Răcari,26.137660175601,44.414470607495,-,functionale,
Functionare normala,#008217,1 Anexa,26.1376994,44.4298755,-,functionale,
Functionare normala,#008217,Dristor Insulă,26.137736210591,44.422659710699,-,functionale,
Functionare normala,#008217,10 Laborator,26.137769859583,44.418413007795,-,functionale,
Functionare normala,#008217,Mihai Bravu Vest,26.1379183,44.4296585,-,functionale,
Functionare normala,#008217,8 Doamna Ghica,26.138342014877,44.459524667349,-,functionale,
Functionare normala,#008217,U1,26.1383645,44.4238669,-,functionale,
Functionare normala,#008217,1 Colentina 3,26.138744484166,44.467482042644,-,functionale,
Functionare normala,#008217,Ct. A1 Dimitrov,26.1387796,44.4488864,-,functionale,
Functionare normala,#008217,2 Iancului,26.139021,44.442193,-,functionale,
Functionare normala,#008217,15 Răcari,26.139050487211,44.414149569828,-,functionale,
Functionare normala,#008217,1 Vitan,26.139067951241,44.410246153624,-,functionale,
Functionare normala,#008217,Metalurgica,26.13911,44.440961,-,functionale,
Functionare normala,#008217,SC Apa Nova - PT 20 Pantelimon,26.139461,44.445128,-,functionale,
Functionare normala,#008217,SC ICPE SA,26.139532,44.404884,-,functionale,
Functionare normala,#008217,20 Pantelimon,26.139575,44.445179,-,functionale,
Functionare normala,#008217,11 Laborator,26.139666312047,44.417523116508,-,functionale,
Functionare normala,#008217,2 Colentina 3,26.139962385144,44.466636859339,-,functionale,
Functionare normala,#008217,5 Doamna Ghica,26.139997434485,44.456060349344,-,functionale,
Functionare normala,#008217,Fundatia Victor Babes,26.140155,44.427775,-,functionale,
Functionare normala,#008217,Spital Victor Babes,26.140414,44.426384,-,functionale,
Functionare normala,#008217,S1-S3,26.140425,44.426368,-,functionale,
Functionare normala,#008217,18 KLM,26.140755567054,44.411125500011,-,functionale,
Functionare normala,#008217,E2 Vatra Luminoasa,26.1407758,44.4377975,-,functionale,
Functionare normala,#008217,SC.3Dudesti,26.140884591716,44.420650655167,-,functionale,
Functionare normala,#008217,1 Fundeni,26.140920169489,44.465215832776,-,functionale,
Functionare normala,#008217,Ct B1 Dimitrov,26.1409217,44.4476523,-,functionale,
Remediere avarie retea primara,#e0002b,9 Laborator,26.14118554273,44.418458983432,Oprire ACC,avarii,05.09.2023 23:00
Functionare normala,#008217,Universitatea Tehnica OGA,26.141194,44.4665,-,functionale,
Functionare normala,#008217,19 Pantelimon,26.141506530189,44.443873145797,-,functionale,
Functionare normala,#008217,Spitalul Victor Gomoiu - Nou,26.141762,44.433494,-,functionale,
Functionare normala,#008217,1 Nicolae Pascu,26.141831999525,44.408993138513,-,functionale,
Functionare normala,#008217,12Tomis,26.14187566521,44.415008656658,-,functionale,
Functionare normala,#008217,3 Papiu Ilarian,26.1419627,44.4219468,-,functionale,
Functionare normala,#008217,M1,26.14208088292,44.425114595678,-,functionale,
Functionare normala,#008217,Vila 71A,26.1421115,44.4374596,-,functionale,
Functionare normala,#008217,H1 Victor Manu,26.1421398,44.4368622,-,functionale,
Functionare normala,#008217,2 Fundeni,26.142306,44.462891,-,functionale,
Functionare normala,#008217,2 Papiu Ilarian,26.142653568822,44.419880634197,-,functionale,
Remediere avarie retea primara,#e0002b,1 Tomis,26.142784639426,44.417572959814,Oprire ACC,avarii,05.09.2023 23:00
Functionare normala,#008217,14 Tomis,26.142864060871,44.411741713222,-,functionale,
Functionare normala,#008217,SC VITAN TOWER,26.142898,44.404018,-,functionale,
Functionare normala,#008217,Modul Bl.20,26.1432111,44.4549888,-,functionale,
Functionare normala,#008217,2Stejarului,26.143249443414,44.428173174742,-,functionale,
Functionare normala,#008217,C1 Vatra Luminoasa,26.14380775646,44.438674977805,-,functionale,
Functionare normala,#008217,23 Baicului,26.144183842109,44.44574835098,-,functionale,
Functionare normala,#008217,18 Pantelimon,26.144263828341,44.444625814743,-,functionale,
Functionare normala,#008217,13 Tomis,26.14434861549,44.4147779026,-,functionale,
Functionare normala,#008217,33 Muncii,26.1445292,44.4320571,-,functionale,
Functionare normala,#008217,1 Colentina Socului,26.144975274346,44.454552129591,-,functionale,
Functionare normala,#008217,1X,26.145387805608,44.428259164275,-,functionale,
Functionare normala,#008217,1Catelu,26.145673,44.431554,-,functionale,
Functionare normala,#008217,IAGSC,26.146269,44.408984,-,functionale,
Functionare normala,#008217,BAZINE,26.146428,44.435666,-,functionale,
Functionare normala,#008217,3Catelu,26.1466642732,44.426510990976,-,functionale,
Functionare normala,#008217,SC.1Dudesti,26.146671467669,44.42064683059,-,functionale,
Functionare normala,#008217,Laborator Constructii Buc SA,26.146679,44.408723,-,functionale,
Functionare normala,#008217,Youth Residence,26.14675,44.406861,-,functionale,
Functionare normala,#008217,1 Iancului,26.146751,44.443045,-,functionale,
Lucrari de modernizare-  inlocuit conducta DN 1000 Retea Primara,#e0002b,P. M.,26.146836,44.402909,Oprire ACC,avarii,22.10.2023 20:00
Functionare normala,#008217,GR. Scolar C-tii Montaj Elie Radu,26.146925,44.408725,-,functionale,
Functionare normala,#008217,3 Fundeni,26.147026165983,44.465167211704,-,functionale,
Functionare normala,#008217,5Catelu,26.147095,44.431598,-,functionale,
Functionare normala,#008217,SC.1Baba Novac,26.147097,44.424383,-,functionale,
Functionare normala,#008217,O.P.,26.14715,44.403447,-,functionale,
Functionare normala,#008217,P.D.,26.147206,44.403173,-,functionale,
Functionare normala,#008217,1XA,26.147306463333,44.42819712767,-,functionale,
Lucrari de modernizare-  inlocuit conducta DN 1000 Retea Primara,#e0002b,C.C.,26.147326,44.402745,Oprire ACC,avarii,22.10.2023 20:00
Functionare normala,#008217,1 Matei Ambrozie,26.147422392758,44.411839591958,-,functionale,
Functionare normala,#008217,Fundatia Romania Spiru Haret,26.147444,44.406639,-,functionale,
Functionare normala,#008217,H.B-E.,26.147546,44.402975,-,functionale,
Lucrari de modernizare-  inlocuit conducta DN 1000 Retea Primara,#e0002b,S.M.,26.147665,44.403087,Oprire ACC,avarii,22.10.2023 20:00
Functionare normala,#008217,2 Nicolae Pascu,26.147745319745,44.409458837818,-,functionale,
Functionare normala,#008217,24A,26.147888822752,44.425405898109,-,functionale,
Functionare normala,#008217,2 Colentina Socului,26.147966500234,44.453086246008,-,functionale,
Functionare normala,#008217,SC STARCONFEX,26.14803,44.407479,-,functionale,
Functionare normala,#008217,3 Colentina Socului,26.1480302,44.4522064,-,functionale,
Functionare normala,#008217,5 Iancului,26.1481048,44.4425794,-,functionale,
Functionare normala,#008217,6Catelu,26.148194990025,44.429262907936,-,functionale,
Functionare normala,#008217,Filiala ICEMENERG,26.148556,44.405056,-,functionale,
Functionare normala,#008217,17 Pantelimon,26.1486281,44.4442947,-,functionale,
Functionare normala,#008217,1 Șulea Nord,26.148635745529,44.417574523119,-,functionale,
Functionare normala,#008217,Bl.100,26.1486787,44.4434114,-,functionale,
Functionare normala,#008217,SC.4Catelu,26.148695015439,44.42891036297,-,functionale,
Functionare normala,#008217,7X,26.149599708702,44.423535786933,-,functionale,
Functionare normala,#008217,2 Tomis,26.149921086738,44.415582511383,-,functionale,
Functionare normala,#008217,9 Catelu,26.150138060181,44.429737048126,-,functionale,
Functionare normala,#008217,4' Pantelimon,26.150148,44.444054,-,functionale,
Functionare normala,#008217,4 Colentina Socului,26.150178060912,44.451935552735,-,functionale,
Functionare normala,#008217,2Catelu,26.150486465649,44.427161203459,-,functionale,
Functionare normala,#008217,SC.2Catelu,26.150486465649,44.427161203459,-,functionale,
Functionare normala,#008217,A2 Basarabia,26.1509421,44.4329235,-,functionale,
Functionare normala,#008217,2 Șulea,26.151153301352,44.416985410842,-,functionale,
Functionare normala,#008217,Sp. Fundeni - Camine Fundeni,26.151888,44.46615,-,functionale,
Functionare normala,#008217,3 Tomis,26.152023310194,44.414419917699,-,functionale,
Functionare normala,#008217,3 Șulea,26.15358188979,44.417929943171,-,functionale,
Functionare normala,#008217,4 Pantelimon,26.153896119747,44.44388599676,-,functionale,
Functionare normala,#008217,A4 Basarabia,26.1548599,44.43308,-,functionale,
Functionare normala,#008217,5 Pantelimon,26.154864073099,44.441428180074,-,functionale,
Functionare normala,#008217,10 Matei Ambrozie,26.15489129189,44.415968337742,-,functionale,
Functionare normala,#008217,Liceul Dimitrie Leonida,26.155001,44.433816,-,functionale,
Functionare normala,#008217,9 Placare-T,26.155058933951,44.413072007614,-,functionale,
Functionare normala,#008217,3 Socului,26.156146,44.439809,-,functionale,
Functionare normala,#008217,Sp. Fundeni,26.156158,44.465364,-,functionale,
Functionare normala,#008217,IOR,26.156194,44.430177,-,functionale,
Functionare normala,#008217,9C4/2,26.157069172601,44.416678975647,-,functionale,
Functionare normala,#008217,1Muncii,26.157694326963,44.433784127972,-,functionale,
Functionare normala,#008217,2 Voiniceni,26.158070439322,44.437179303158,-,functionale,
Functionare normala,#008217,4C4/2,26.158187259019,44.416242436617,-,functionale,
Functionare normala,#008217,PT Scoala Ilioara,26.158395060836,44.410453020198,-,functionale,
Functionare normala,#008217,4 Socului,26.158679897014,44.436122139726,-,functionale,
Functionare normala,#008217,5 Socului,26.158728,44.439798,-,functionale,
Functionare normala,#008217,6 Pantelimon,26.1588575,44.4433155,-,functionale,
Functionare normala,#008217,8 C4/2,26.158940195893,44.423698953008,-,functionale,
Functionare normala,#008217,3X,26.159412894087,44.43337195163,-,functionale,
Functionare normala,#008217,Parohia Bisericii Balta Alba,26.159944,44.434333,-,functionale,
Functionare normala,#008217,8 Placare-T,26.160062280551,44.412379993968,-,functionale,
Functionare normala,#008217,1 Socului,26.160771703201,44.438338311125,-,functionale,
Functionare normala,#008217,D 16,26.160802166973,44.429904793384,-,functionale,
Functionare normala,#008217,INCERC,26.160846,44.440664,-,functionale,
Functionare normala,#008217,1 Carei,26.161319145551,44.436316336103,-,functionale,
Functionare normala,#008217,13 Pantelimon,26.1615087,44.4423038,-,functionale,
Functionare normala,#008217,7 C4/2,26.161838957175,44.422510319579,-,functionale,
Functionare normala,#008217,C4,26.162094813778,44.43248485554,-,functionale,
Functionare normala,#008217,7 Placare-T,26.162141939986,44.412199439161,-,functionale,
Functionare normala,#008217,5 C4/2,26.162280048278,44.414426037014,-,functionale,
Functionare normala,#008217,24 Delfinului,26.162282683397,44.444122161601,-,functionale,
Functionare normala,#008217,6C4/2,26.162431708624,44.419406578109,-,functionale,
Functionare normala,#008217,7 Muncii,26.16290386386,44.436606873327,-,functionale,
Functionare normala,#008217,C.F.,26.162917,44.407139,-,functionale,
Functionare normala,#008217,B.N.,26.162944,44.406528,-,functionale,
Functionare normala,#008217,Z.A.,26.163056,44.406389,-,functionale,
Functionare normala,#008217,7 Pantelimon,26.163193,44.443113,-,functionale,
Functionare normala,#008217,SC.3C3/1,26.163942,44.434949,-,functionale,
Functionare normala,#008217,2 Baia de Arama,26.164063528901,44.435041440153,-,functionale,
Functionare normala,#008217,1 C3/1,26.164120976753,44.432576444788,-,functionale,
Functionare normala,#008217,4XA,26.164256898084,44.425684399599,-,functionale,
Functionare normala,#008217,8X,26.164284757827,44.428732862098,-,functionale,
Functionare normala,#008217,M14,26.164821616478,44.430239950699,-,functionale,
Functionare normala,#008217,5Placare-T,26.164878355582,44.410525296612,-,functionale,
Functionare normala,#008217,1 C5/1,26.165034386053,44.422963473235,-,functionale,
Functionare normala,#008217,14 C5/2,26.165138400148,44.414625074846,-,functionale,
Functionare normala,#008217,Spitalul Constantin Gorgos,26.165306,44.42075,-,functionale,
Functionare normala,#008217,Asociatia Medicala TITAN,26.165306,44.42075,-,functionale,
Functionare normala,#008217,8 Muncii,26.165320448924,44.437298987303,-,functionale,
Functionare normala,#008217,4Placare-T,26.165768001352,44.411901076775,-,functionale,
Functionare normala,#008217,SC.2Viisoara,26.16594,44.42819,-,functionale,
Functionare normala,#008217,1 Nufarul,26.166077592891,44.424850872174,-,functionale,
Functionare normala,#008217,4X,26.166479324092,44.426610607656,-,functionale,
Functionare normala,#008217,SC.G3,26.166555258132,44.431161346397,-,functionale,
Functionare normala,#008217,SC.G2,26.167490509867,44.433178642701,-,functionale,
Functionare normala,#008217,2 C5/1,26.168492290267,44.423883141331,-,functionale,
Functionare normala,#008217,15 C5/2,26.168737515476,44.414496649141,-,functionale,
Functionare normala,#008217,1L. Patrascanu,26.168910455302,44.435290160568,-,functionale,
Functionare normala,#008217,SC.4C3/2,26.169474887703,44.426114963011,-,functionale,
Functionare normala,#008217,5X,26.169704528374,44.429545954854,-,functionale,
Functionare normala,#008217,1 Hatisului,26.169759214288,44.445341554123,-,functionale,
Functionare normala,#008217,8 Pantelimon,26.1698271,44.4427056,-,functionale,
Functionare normala,#008217,4C5/1,26.170011235647,44.41849837055,-,functionale,
Functionare normala,#008217,Directia Generala a Finantelor Publice,26.170043,44.432733,-,functionale,
Functionare normala,#008217,3 C5/1,26.170082315207,44.417417626836,-,functionale,
Functionare normala,#008217,MY,26.170867995729,44.435973989097,-,functionale,
Functionare normala,#008217,9 Pantelimon,26.170926536434,44.441830977511,-,functionale,
Functionare normala,#008217,SC.1Cornisa,26.170994379364,44.431364890841,-,functionale,
Functionare normala,#008217,1CORNISA,26.170994379364,44.431364890841,-,functionale,
Functionare normala,#008217,Lic. Nichita Stanescu,26.171111,44.433806,-,functionale,
Functionare normala,#008217,7C3/2,26.171201593318,44.428428923439,-,functionale,
Functionare normala,#008217,6Placare-T,26.17147765595,44.409617281794,-,functionale,
Functionare normala,#008217,18 C5/2,26.171497948518,44.414433834924,-,functionale,
Functionare normala,#008217,5 C3/2,26.172041812449,44.426315268956,-,functionale,
Functionare normala,#008217,16 Vergului,26.172563884829,44.438149411793,-,functionale,
Functionare normala,#008217,P.D.,26.172722,44.431139,-,functionale,
Functionare normala,#008217,Scoala Arte si Meserii,26.172722,44.443659,-,functionale,
Functionare normala,#008217,Biserica Marcuta,26.1728,44.444579,-,functionale,
Functionare normala,#008217,13 C5/2,26.172854420616,44.412416425889,-,functionale,
Functionare normala,#008217,Spitalul Sfantu Pantelimon,26.17304,44.441257,-,functionale,
Functionare normala,#008217,17 C5/2,26.17370415348,44.421162624555,-,functionale,
Functionare normala,#008217,1Placare-T,26.174141581033,44.408871946674,-,functionale,
Functionare normala,#008217,8C3/2,26.174224981189,44.428819508804,-,functionale,
Functionare normala,#008217,2 Placare-T,26.174757171313,44.405837749762,-,functionale,
Functionare normala,#008217,5 C5/2,26.17490546085,44.422311731477,-,functionale,
Functionare normala,#008217,6 C5/2,26.175192049848,44.418225379862,-,functionale,
Functionare normala,#008217,Infoservice,26.175272,44.438646,-,functionale,
Functionare normala,#008217,12 C5/2,26.175364827674,44.412252237946,-,functionale,
Functionare normala,#008217,10 Pantelimon,26.175389836374,44.439970758232,-,functionale,
Functionare normala,#008217,SC.6C3/2,26.175493379008,44.425507801638,-,functionale,
Functionare normala,#008217,6X,26.175814231754998,44.427268506204,-,functionale,
Functionare normala,#008217,8A,26.176025562158,44.415002282063,-,functionale,
Functionare normala,#008217,14 Pantelimon,26.176152566373,44.442673632762,-,functionale,
Functionare normala,#008217,CONDOR,26.176155,44.438532,-,functionale,
Functionare normala,#008217,P.Dr.,26.176806,44.425109,-,functionale,
Functionare normala,#008217,V.E.A.,26.176948,44.416839,-,functionale,
Functionare normala,#008217,L.P.,26.177146,44.416983,-,functionale,
Functionare normala,#008217,11 C5/2,26.177264921577,44.413925793017,-,functionale,
Functionare normala,#008217,8 C5/2,26.177313867111,44.417845889585,-,functionale,
Functionare normala,#008217,3 Placare-T,26.17771609698,44.4081905985,-,functionale,
Functionare normala,#008217,23 C5/2,26.178008578144,44.422471034674,-,functionale,
Functionare normala,#008217,11 Pantelimon,26.178545035088,44.43989588642,-,functionale,
Functionare normala,#008217,9 C5/2,26.178722309387,44.416582456464,-,functionale,
Functionare normala,#008217,10 Nefamilisti,26.17879244553,44.423988948948,-,functionale,
Functionare normala,#008217,Spitalul Malaxa,26.178922,44.438545,-,functionale,
Functionare normala,#008217,10 C5/2,26.179507746862,44.413851847201,-,functionale,
Functionare normala,#008217,24 C5/2,26.180190150428,44.410460896109,-,functionale,
Functionare normala,#008217,15 ABC,26.1816397,44.4398103,-,functionale,
Functionare normala,#008217,SC IOR SA,26.181806,44.410972,-,functionale,
Functionare normala,#008217,Cosmos Vechi,26.1821383,44.4415445,-,functionale,
Functionare normala,#008217,Cosmos Extindere,26.182280633416,44.441399551104,-,functionale,
Functionare normala,#008217,16 C5/2,26.18399300413,44.413559535412,-,functionale,
Functionare normala,#008217,21 C5/2,26.184205406883,44.417138835453,-,functionale,
Functionare normala,#008217,Romaqua GRUP SA,26.189083,44.403534,-,functionale,
Functionare normala,#008217,SC BILAL MOTORS,26.203488,44.409459,-,functionale,
